Workbook

Sheet README
A1: HR Recruitment & Onboarding Command Center
A2: A linked, formula-driven dashboard tracking candidates from application through onboarding
A5: How this workbook is structured
A6: Column1 | B6: Column2
A7: Master_Candidates | B7: Source of truth: candidate profile, position, store, application source.
A8: Interview_Tracker | B8: Interview scores and selection status. Uses VLOOKUP to pull Position Applied from Master_Candidates.
A9: Compliance_Documents | B9: A-Code / E-Code verification status. Uses INDEX/MATCH (an XLOOKUP-style lookup) to pull candidate details from Master_Candidates.
A10: Onboarding_Progress | B10: Joining date, induction, 30-day retention. Feeds live status flags.
A11: Dashboard | B11: Single-view command center. Pulls from every sheet and raises live alerts (Compliance Pending, Offer Expiring, Induction Overdue).
A12: VLOOKUP vs XLOOKUP / INDEX-MATCH — where each is used
A13: VLOOKUP | B13: Used for simple left-to-right pulls, e.g. Interview_Tracker column C pulls 'Position Applied' from Master_Candidates. Shown here deliberately so you can point out its limitation: it can only look to columns right of the lookup column, and breaks if columns are inserted.
A14: INDEX/MATCH (XLOOKUP-style) | B14: Used wherever the lookup needs more flexibility — pulling a column that sits to the LEFT of the lookup column, or returning a clean fallback via IFERROR instead of an error value. This is exactly what native XLOOKUP does in one function; INDEX/MATCH reproduces the same left-or-right, error-safe behaviour.
A15: A note on XLOOKUP itself | B15: The formulas in this file use INDEX/MATCH rather than the literal XLOOKUP function, because the automated tool used to build and verify this workbook cannot calculate XLOOKUP results (it runs on an older calculation engine). INDEX/MATCH is functionally identical to XLOOKUP for every lookup in this file. If you open this in a current version of Excel, you can select any of the marked cells (see 'XLOOKUP equivalent' comments) and swap in the XLOOKUP formula shown in that cell's comment — same result, same logic, just newer syntax. This is worth mentioning explicitly in your project writeup/viva.
A17: Suggested talking points for your project submission
A18: 1. | B18: Explain why VLOOKUP breaks when the lookup column isn't the first column, and how XLOOKUP/INDEX-MATCH solves this (Compliance_Documents pulls Name and Store, which sit left of the lookup column).
A19: 2. | B19: Show the IFERROR wrapping that turns a lookup error into readable statuses like 'Not Yet Interviewed' — this is what makes the dashboard usable by a non-technical HR manager.
A20: 3. | B20: Walk through the live status logic on the Dashboard sheet: Compliance Pending, Offer Expiring (>7 days since offer with no joining date), Induction Overdue (joined but not inducted).
A21: 4. | B21: Tie it back to real HR ops: this mirrors MIS reporting for high-volume hiring cycles across multiple store locations.

Sheet Master_Candidates
A1: Candidate ID | B1: Candidate Name | C1: Position Applied | D1: Store/Location Code | E1: Application Date | F1: Source
A2: C001 | B2: Ananya Rao | C2: Retail Apprentice | D2: STR-04 | E2: 46175 | F2: Campus
A3: C002 | B3: Vikram Singh | C3: Retail Apprentice | D3: STR-07 | E3: 46175 | F3: Referral
A4: C003 | B4: Priya Nair | C4: Store Associate | D4: STR-01 | E4: 46176 | F4: Agency
A5: C004 | B5: Rahul Mehta | C5: Retail Apprentice | D5: STR-04 | E5: 46176 | F5: Campus
A6: C005 | B6: Sneha Kulkarni | C6: Warehouse Associate | D6: STR-09 | E6: 46177 | F6: Referral
A7: C006 | B7: Arjun Reddy | C7: Retail Apprentice | D7: STR-02 | E7: 46177 | F7: Campus
A8: C007 | B8: Divya Shah | C8: Store Associate | D8: STR-07 | E8: 46178 | F8: Agency
A9: C008 | B9: Kabir Malhotra | C9: Retail Apprentice | D9: STR-01 | E9: 46178 | F9: Campus
A10: C009 | B10: Meera Iyer | C10: Warehouse Associate | D10: STR-09 | E10: 46179 | F10: Referral
A11: C010 | B11: Rohan Kapoor | C11: Retail Apprentice | D11: STR-02 | E11: 46179 | F11: Campus
A12: C011 | B12: Isha Verma | C12: Store Associate | D12: STR-04 | E12: 46180 | F12: Agency
A13: C012 | B13: Aditya Joshi | C13: Retail Apprentice | D13: STR-07 | E13: 46180 | F13: Campus
... A19: C018 | B19: Dev Anand | C19: Store Associate | D19: STR-01 | E19: 46183 | F19: Campus

Sheet Interview_Tracker
A1: Candidate ID | B1: Position Applied (VLOOKUP) | C1: Round 1 Score | D1: Round 2 Score | E1: Avg Score | F1: Status | G1: Offer Date
A2: C001 | B2: =VLOOKUP(A2,Master_Candidates!A2:F18,3,FALSE()) -> Retail Apprentice | C2: 78 | D2: 82 | E2: =AVERAGE(C2:D2) -> 80 | F2: Selected | G2: 46183
A3: C002 | B3: =VLOOKUP(A3,Master_Candidates!A3:F19,3,FALSE()) -> Retail Apprentice | C3: 65 | D3: 60 | E3: =AVERAGE(C3:D3) -> 62.5 | F3: Rejected
A4: C003 | B4: =VLOOKUP(A4,Master_Candidates!A4:F20,3,FALSE()) -> Store Associate | C4: 88 | D4: 91 | E4: =AVERAGE(C4:D4) -> 89.5 | F4: Selected | G4: 46184
A5: C004 | B5: =VLOOKUP(A5,Master_Candidates!A5:F21,3,FALSE()) -> Retail Apprentice | C5: 55 | D5: 58 | E5: =AVERAGE(C5:D5) -> 56.5 | F5: Rejected
A6: C005 | B6: =VLOOKUP(A6,Master_Candidates!A6:F22,3,FALSE()) -> Warehouse Associate | C6: 74 | D6: 80 | E6: =AVERAGE(C6:D6) -> 77 | F6: Selected | G6: 46185
A7: C006 | B7: =VLOOKUP(A7,Master_Candidates!A7:F23,3,FALSE()) -> Retail Apprentice | C7: 90 | D7: 85 | E7: =AVERAGE(C7:D7) -> 87.5 | F7: Selected | G7: 46185
A8: C007 | B8: =VLOOKUP(A8,Master_Candidates!A8:F24,3,FALSE()) -> Store Associate | C8: 60 | D8: 62 | E8: =AVERAGE(C8:D8) -> 61 | F8: On Hold
A9: C008 | B9: =VLOOKUP(A9,Master_Candidates!A9:F25,3,FALSE()) -> Retail Apprentice | C9: 70 | D9: 73 | E9: =AVERAGE(C9:D9) -> 71.5 | F9: Selected | G9: 46186
A10: C009 | B10: =VLOOKUP(A10,Master_Candidates!A10:F26,3,FALSE()) -> Warehouse Associate | C10: 82 | D10: 79 | E10: =AVERAGE(C10:D10) -> 80.5 | F10: Selected | G10: 46186
A11: C010 | B11: =VLOOKUP(A11,Master_Candidates!A11:F27,3,FALSE()) -> Retail Apprentice | C11: 45 | D11: 50 | E11: =AVERAGE(C11:D11) -> 47.5 | F11: Rejected
A12: C011 | B12: =VLOOKUP(A12,Master_Candidates!A12:F28,3,FALSE()) -> Store Associate | C12: 91 | D12: 89 | E12: =AVERAGE(C12:D12) -> 90 | F12: Selected | G12: 46187
A13: C012 | B13: =VLOOKUP(A13,Master_Candidates!A13:F29,3,FALSE()) -> Retail Apprentice | C13: 68 | D13: 71 | E13: =AVERAGE(C13:D13) -> 69.5 | F13: On Hold
A14: C013 | B14: =VLOOKUP(A14,Master_Candidates!A14:F30,3,FALSE()) -> Retail Apprentice | C14: 77 | D14: 75 | E14: =AVERAGE(C14:D14) -> 76 | F14: Selected | G14: 46188
A15: C014 | B15: =VLOOKUP(A15,Master_Candidates!A15:F31,3,FALSE()) -> Warehouse Associate | C15: 84 | D15: 86 | E15: =AVERAGE(C15:D15) -> 85 | F15: Selected | G15: 46188
A16: C015 | B16: =VLOOKUP(A16,Master_Candidates!A16:F32,3,FALSE()) -> Store Associate | C16: 59 | D16: 61 | E16: =AVERAGE(C16:D16) -> 60 | F16: Rejected
A17: C016 | B17: =VLOOKUP(A17,Master_Candidates!A17:F33,3,FALSE()) -> Retail Apprentice | C17: 73 | D17: 76 | E17: =AVERAGE(C17:D17) -> 74.5 | F17: Selected | G17: 46189
A18: C017 | B18: =VLOOKUP(A18,Master_Candidates!A18:F34,3,FALSE()) -> Retail Apprentice | E18: Not Interviewed | F18: Not Interviewed
A19: C018 | B19: =VLOOKUP(A19,Master_Candidates!A19:F35,3,FALSE()) -> Store Associate | E19: Not Interviewed | F19: Not Interviewed

Sheet Compliance_Documents
A1: Candidate ID | B1: Candidate Name (XLOOKUP-style) | C1: Store Code (XLOOKUP-style) | D1: A-Code Verified | E1: E-Code Verified | F1: Pending Documents | G1: Compliance Status
A2: C001 | B2: =_xlfn.XLOOKUP(Table4[[#This Row],[Candidate ID]],Master_Candidates!A2:A18,Master_Candidates!B2:B18) -> Ananya Rao | C2: =_xlfn.XLOOKUP(Table4[[#This Row],[Candidate ID]],Table2[Candidate ID],Table2[Store/Location Code],"candidate not found") -> STR-04 | D2: Y | E2: Y | F2: None | G2: =IF(AND(D2="Y",E2="Y"),"COMPLAINT","COMPLAINCE PENDING") -> COMPLAINT
A3: C002 | B3: =_xlfn.XLOOKUP(Table4[[#This Row],[Candidate ID]],Master_Candidates!A3:A19,Master_Candidates!B3:B19) -> Vikram Singh | C3: =_xlfn.XLOOKUP(Table4[[#This Row],[Candidate ID]],Table2[Candidate ID],Table2[Store/Location Code],"candidate not found") -> STR-07 | D3: Y | E3: N | F3: E-Code pending | G3: =IF(AND(D3="Y",E3="Y"),"COMPLAINT","COMPLAINCE PENDING") -> COMPLAINCE PENDING
A4: C003 | B4: =_xlfn.XLOOKUP(Table4[[#This Row],[Candidate ID]],Master_Candidates!A4:A20,Master_Candidates!B4:B20) -> Priya Nair | C4: =_xlfn.XLOOKUP(Table4[[#This Row],[Candidate ID]],Table2[Candidate ID],Table2[Store/Location Code],"candidate not found") -> STR-01 | D4: Y | E4: Y | F4: None | G4: =IF(AND(D4="Y",E4="Y"),"COMPLAINT","COMPLAINCE PENDING") -> COMPLAINT
A5: C005 | B5: =_xlfn.XLOOKUP(Table4[[#This Row],[Candidate ID]],Master_Candidates!A5:A21,Master_Candidates!B5:B21) -> Sneha Kulkarni | C5: =_xlfn.XLOOKUP(Table4[[#This Row],[Candidate ID]],Table2[Candidate ID],Table2[Store/Location Code],"candidate not found") -> STR-09 | D5: N | E5: N | F5: A-Code, E-Code pending | G5: =IF(AND(D5="Y",E5="Y"),"COMPLAINT","COMPLAINCE PENDING") -> COMPLAINCE PENDING
A6: C006 | B6: =_xlfn.XLOOKUP(Table4[[#This Row],[Candidate ID]],Master_Candidates!A6:A22,Master_Candidates!B6:B22) -> Arjun Reddy | C6: =_xlfn.XLOOKUP(Table4[[#This Row],[Candidate ID]],Table2[Candidate ID],Table2[Store/Location Code],"candidate not found") -> STR-02 | D6: Y | E6: Y | F6: None | G6: =IF(AND(D6="Y",E6="Y"),"COMPLAINT","COMPLAINCE PENDING") -> COMPLAINT
A7: C008 | B7: =_xlfn.XLOOKUP(Table4[[#This Row],[Candidate ID]],Master_Candidates!A7:A23,Master_Candidates!B7:B23) -> Kabir Malhotra | C7: =_xlfn.XLOOKUP(Table4[[#This Row],[Candidate ID]],Table2[Candidate ID],Table2[Store/Location Code],"candidate not found") -> STR-01 | D7: Y | E7: N | F7: E-Code pending | G7: =IF(AND(D7="Y",E7="Y"),"COMPLAINT","COMPLAINCE PENDING") -> COMPLAINCE PENDING
A8: C009 | B8: =_xlfn.XLOOKUP(Table4[[#This Row],[Candidate ID]],Master_Candidates!A8:A24,Master_Candidates!B8:B24) -> Meera Iyer | C8: =_xlfn.XLOOKUP(Table4[[#This Row],[Candidate ID]],Table2[Candidate ID],Table2[Store/Location Code],"candidate not found") -> STR-09 | D8: Y | E8: Y | F8: None | G8: =IF(AND(D8="Y",E8="Y"),"COMPLAINT","COMPLAINCE PENDING") -> COMPLAINT
A9: C011 | B9: =_xlfn.XLOOKUP(Table4[[#This Row],[Candidate ID]],Master_Candidates!A9:A25,Master_Candidates!B9:B25) -> Isha Verma | C9: =_xlfn.XLOOKUP(Table4[[#This Row],[Candidate ID]],Table2[Candidate ID],Table2[Store/Location Code],"candidate not found") -> STR-04 | D9: Y | E9: Y | F9: None | G9: =IF(AND(D9="Y",E9="Y"),"COMPLAINT","COMPLAINCE PENDING") -> COMPLAINT
A10: C013 | B10: =_xlfn.XLOOKUP(Table4[[#This Row],[Candidate ID]],Master_Candidates!A10:A26,Master_Candidates!B10:B26) -> Pooja Desai | C10: =_xlfn.XLOOKUP(Table4[[#This Row],[Candidate ID]],Table2[Candidate ID],Table2[Store/Location Code],"candidate not found") -> STR-01 | D10: N | E10: Y | F10: A-Code pending | G10: =IF(AND(D10="Y",E10="Y"),"COMPLAINT","COMPLAINCE PENDING") -> COMPLAINCE PENDING
A11: C014 | B11: =_xlfn.XLOOKUP(Table4[[#This Row],[Candidate ID]],Master_Candidates!A11:A27,Master_Candidates!B11:B27) -> Karan Bhatia | C11: =_xlfn.XLOOKUP(Table4[[#This Row],[Candidate ID]],Table2[Candidate ID],Table2[Store/Location Code],"candidate not found") -> STR-09 | D11: Y | E11: Y | F11: None | G11: =IF(AND(D11="Y",E11="Y"),"COMPLAINT","COMPLAINCE PENDING") -> COMPLAINT
A12: C016 | B12: =_xlfn.XLOOKUP(Table4[[#This Row],[Candidate ID]],Master_Candidates!A12:A28,Master_Candidates!B12:B28) -> Yash Trivedi | C12: =_xlfn.XLOOKUP(Table4[[#This Row],[Candidate ID]],Table2[Candidate ID],Table2[Store/Location Code],"candidate not found") -> STR-04 | D12: Y | E12: Y | F12: None | G12: =IF(AND(D12="Y",E12="Y"),"COMPLAINT","COMPLAINCE PENDING") -> COMPLAINT

Sheet Onboarding_Progress
A1: Candidate ID | B1: Joining Date | C1: Store Manager Assigned | D1: Induction Completed | E1: 30-Day Retention Check
A2: C001 | B2: 46189 | C2: S. Kumar | D2: Y | E2: Y
A3: C003 | B3: 46190 | C3: R. Bhatt | D3: Y | E3: Y
A4: C005 | B4: 46191 | C4: A. Menon | D4: N | E4: N
A5: C006 | B5: 46191 | C5: P. Singh | D5: Y | E5: N
A6: C008 | B6: 46192 | C6: R. Bhatt | D6: N | E6: N
A7: C009 | B7: 46192 | C7: A. Menon | D7: Y | E7: N
A8: C011 | B8: 46193 | C8: S. Kumar | D8: Y | E8: N
A9: C014 | B9: 46194 | C9: A. Menon | D9: Y | E9: N

Sheet Dashboard
A1: Column1 | B1: Column2 | C1: Column3 | D1: Column4 | E1: Column5 | F1: Column6 | G1: Column7 | H1: Column8 | I1: Column9
A2: HR Command Center — Live Dashboard
A3: Column1 | B3: Column2 | C3: Column3 | D3: Column4 | E3: Column5 | F3: Column6 | G3: Column7 | H3: Column8
A4: Reference date (used for Offer Expiring / overdue checks): | C4: =TODAY() -> 46270 | F4: On Track: | G4: =COUNTIF(H7:H24,"<>On Track") -> 4
F5: =COUNTIF(H5:H22,"On Track") -> 12
A6: Candidate ID | B6: Candidate Name | C6: Position | D6: Interview Status | E6: Compliance Status | F6: Joining Date | G6: Induction Status | H6: Live Alert
A7: C001 | B7: =VLOOKUP(Table8[[#This Row],[Column1]],Master_Candidates!A2:B18,2,FALSE) -> Ananya Rao | C7: =VLOOKUP(Table8[[#This Row],[Column1]],Master_Candidates!A2:C18,3,FALSE) -> Retail Apprentice | D7: =IFERROR(VLOOKUP(Table8[[#This Row],[Column1]],Interview_Tracker!A2:F18,6,FALSE),"not interviewed") -> Selected | E7: =IFERROR(VLOOKUP(Table8[[#This Row],[Column1]],Compliance_Documents!A2:G11,7,FALSE),"not yet filed") -> COMPLAINT | F7: =IFERROR(INDEX(Onboarding_Progress!$B$2:$B$9,MATCH(A7,Onboarding_Progress!$A$2:$A$9,0)),"") -> 46189 | G7: =IFERROR(INDEX(Onboarding_Progress!$D$2:$D$9,MATCH(A7,Onboarding_Progress!$A$2:$A$9,0)),"Not Onboarded") -> Y | H7: =IF(E7="Compliance Pending","Compliance Pending", IF(AND(F7="",D7="Selected"),"Offer Extended - Awaiting Joining", IF(AND(F7<>"",G7="N"),"Induction Overdue", IF(D7="Not Yet Interviewed","Awaiting Interview","On Track")))) -> On Track
A8: C002 | B8: =VLOOKUP(Table8[[#This Row],[Column1]],Master_Candidates!A3:B19,2,FALSE) -> Vikram Singh | C8: =VLOOKUP(Table8[[#This Row],[Column1]],Master_Candidates!A3:C19,3,FALSE) -> Retail Apprentice | D8: =IFERROR(VLOOKUP(Table8[[#This Row],[Column1]],Interview_Tracker!A3:F19,6,FALSE),"not interviewed") -> Rejected | E8: =IFERROR(INDEX(Compliance_Documents!$G$2:$G$12,MATCH(A8,Compliance_Documents!$A$2:$A$12,0)),"Not Yet Filed") -> COMPLAINCE PENDING | F8: =IFERROR(INDEX(Onboarding_Progress!$B$2:$B$9,MATCH(A8,Onboarding_Progress!$A$2:$A$9,0)),"") | G8: =IFERROR(INDEX(Onboarding_Progress!$D$2:$D$9,MATCH(A8,Onboarding_Progress!$A$2:$A$9,0)),"Not Onboarded") -> Not Onboarded | H8: =IF(E8="Compliance Pending","Compliance Pending", IF(AND(F8="",D8="Selected"),"Offer Extended - Awaiting Joining", IF(AND(F8<>"",G8="N"),"Induction Overdue", IF(D8="Not Yet Interviewed","Awaiting Interview","On Track")))) -> On Track
A9: C003 | B9: =VLOOKUP(Table8[[#This Row],[Column1]],Master_Candidates!A4:B20,2,FALSE) -> Priya Nair | C9: =VLOOKUP(Table8[[#This Row],[Column1]],Master_Candidates!A4:C20,3,FALSE) -> Store Associate | D9: =IFERROR(VLOOKUP(Table8[[#This Row],[Column1]],Interview_Tracker!A4:F20,6,FALSE),"not interviewed") -> Selected | E9: =IFERROR(INDEX(Compliance_Documents!$G$2:$G$12,MATCH(A9,Compliance_Documents!$A$2:$A$12,0)),"Not Yet Filed") -> COMPLAINT | F9: =IFERROR(INDEX(Onboarding_Progress!$B$2:$B$9,MATCH(A9,Onboarding_Progress!$A$2:$A$9,0)),"") -> 46190 | G9: =IFERROR(VLOOKUP(Table8[[#This Row],[Column1]],Onboarding_Progress!A1:E8,4,FALSE),"not onboarded") -> Y | H9: =IF(E9="Compliance Pending","Compliance Pending", IF(AND(F9="",D9="Selected"),"Offer Extended - Awaiting Joining", IF(AND(F9<>"",G9="N"),"Induction Overdue", IF(D9="Not Yet Interviewed","Awaiting Interview","On Track")))) -> On Track
A10: C004 | B10: =VLOOKUP(Table8[[#This Row],[Column1]],Master_Candidates!A5:B21,2,FALSE) -> Rahul Mehta | C10: =VLOOKUP(Table8[[#This Row],[Column1]],Master_Candidates!A5:C21,3,FALSE) -> Retail Apprentice | D10: =IFERROR(VLOOKUP(Table8[[#This Row],[Column1]],Interview_Tracker!A5:F21,6,FALSE),"not interviewed") -> Rejected | E10: =IFERROR(INDEX(Compliance_Documents!$G$2:$G$12,MATCH(A10,Compliance_Documents!$A$2:$A$12,0)),"Not Yet Filed") -> Not Yet Filed | F10: =IFERROR(INDEX(Onboarding_Progress!$B$2:$B$9,MATCH(A10,Onboarding_Progress!$A$2:$A$9,0)),"") | G10: =IFERROR(VLOOKUP(Table8[[#This Row],[Column1]],Onboarding_Progress!A2:E9,4,FALSE),"not onboarded") -> not onboarded | H10: =IF(E10="Compliance Pending","Compliance Pending", IF(AND(F10="",D10="Selected"),"Offer Extended - Awaiting Joining", IF(AND(F10<>"",G10="N"),"Induction Overdue", IF(D10="Not Yet Interviewed","Awaiting Interview","On Track")))) -> On Track
A11: C005 | B11: =VLOOKUP(Table8[[#This Row],[Column1]],Master_Candidates!A6:B22,2,FALSE) -> Sneha Kulkarni | C11: =VLOOKUP(Table8[[#This Row],[Column1]],Master_Candidates!A6:C22,3,FALSE) -> Warehouse Associate | D11: =IFERROR(VLOOKUP(Table8[[#This Row],[Column1]],Interview_Tracker!A6:F22,6,FALSE),"not interviewed") -> Selected | E11: =IFERROR(INDEX(Compliance_Documents!$G$2:$G$12,MATCH(A11,Compliance_Documents!$A$2:$A$12,0)),"Not Yet Filed") -> COMPLAINCE PENDING | F11: =IFERROR(INDEX(Onboarding_Progress!$B$2:$B$9,MATCH(A11,Onboarding_Progress!$A$2:$A$9,0)),"") -> 46191 | G11: =IFERROR(VLOOKUP(Table8[[#This Row],[Column1]],Onboarding_Progress!A3:E10,4,FALSE),"not onboarded") -> N | H11: =IF(E11="Compliance Pending","Compliance Pending", IF(AND(F11="",D11="Selected"),"Offer Extended - Awaiting Joining", IF(AND(F11<>"",G11="N"),"Induction Overdue", IF(D11="Not Yet Interviewed","Awaiting Interview","On Track")))) -> Induction Overdue
A12: C006 | B12: =VLOOKUP(Table8[[#This Row],[Column1]],Master_Candidates!A7:B23,2,FALSE) -> Arjun Reddy | C12: =VLOOKUP(Table8[[#This Row],[Column1]],Master_Candidates!A7:C23,3,FALSE) -> Retail Apprentice | D12: =IFERROR(VLOOKUP(Table8[[#This Row],[Column1]],Interview_Tracker!A7:F23,6,FALSE),"not interviewed") -> Selected | E12: =IFERROR(INDEX(Compliance_Documents!$G$2:$G$12,MATCH(A12,Compliance_Documents!$A$2:$A$12,0)),"Not Yet Filed") -> COMPLAINT | F12: =IFERROR(INDEX(Onboarding_Progress!$B$2:$B$9,MATCH(A12,Onboarding_Progress!$A$2:$A$9,0)),"") -> 46191 | G12: =IFERROR(VLOOKUP(Table8[[#This Row],[Column1]],Onboarding_Progress!A4:E11,4,FALSE),"not onboarded") -> Y | H12: =IF(E12="Compliance Pending","Compliance Pending", IF(AND(F12="",D12="Selected"),"Offer Extended - Awaiting Joining", IF(AND(F12<>"",G12="N"),"Induction Overdue", IF(D12="Not Yet Interviewed","Awaiting Interview","On Track")))) -> On Track
A13: C007 | B13: =VLOOKUP(Table8[[#This Row],[Column1]],Master_Candidates!A8:B24,2,FALSE) -> Divya Shah | C13: =VLOOKUP(Table8[[#This Row],[Column1]],Master_Candidates!A8:C24,3,FALSE) -> Store Associate | D13: =IFERROR(VLOOKUP(Table8[[#This Row],[Column1]],Interview_Tracker!A8:F24,6,FALSE),"not interviewed") -> On Hold | E13: =IFERROR(INDEX(Compliance_Documents!$G$2:$G$12,MATCH(A13,Compliance_Documents!$A$2:$A$12,0)),"Not Yet Filed") -> Not Yet Filed | F13: =IFERROR(INDEX(Onboarding_Progress!$B$2:$B$9,MATCH(A13,Onboarding_Progress!$A$2:$A$9,0)),"") | G13: =IFERROR(VLOOKUP(Table8[[#This Row],[Column1]],Onboarding_Progress!A5:E12,4,FALSE),"not onboarded") -> not onboarded | H13: =IF(E13="Compliance Pending","Compliance Pending", IF(AND(F13="",D13="Selected"),"Offer Extended - Awaiting Joining", IF(AND(F13<>"",G13="N"),"Induction Overdue", IF(D13="Not Yet Interviewed","Awaiting Interview","On Track")))) -> On Track
A14: C008 | B14: =VLOOKUP(Table8[[#This Row],[Column1]],Master_Candidates!A9:B25,2,FALSE) -> Kabir Malhotra | C14: =VLOOKUP(Table8[[#This Row],[Column1]],Master_Candidates!A9:C25,3,FALSE) -> Retail Apprentice | D14: =IFERROR(VLOOKUP(Table8[[#This Row],[Column1]],Interview_Tracker!A9:F25,6,FALSE),"not interviewed") -> Selected | E14: =IFERROR(INDEX(Compliance_Documents!$G$2:$G$12,MATCH(A14,Compliance_Documents!$A$2:$A$12,0)),"Not Yet Filed") -> COMPLAINCE PENDING | F14: =IFERROR(INDEX(Onboarding_Progress!$B$2:$B$9,MATCH(A14,Onboarding_Progress!$A$2:$A$9,0)),"") -> 46192 | G14: =IFERROR(VLOOKUP(Table8[[#This Row],[Column1]],Onboarding_Progress!A6:E13,4,FALSE),"not onboarded") -> N | H14: =IF(E14="Compliance Pending","Compliance Pending", IF(AND(F14="",D14="Selected"),"Offer Extended - Awaiting Joining", IF(AND(F14<>"",G14="N"),"Induction Overdue", IF(D14="Not Yet Interviewed","Awaiting Interview","On Track")))) -> Induction Overdue
A15: C009 | B15: =VLOOKUP(Table8[[#This Row],[Column1]],Master_Candidates!A10:B26,2,FALSE) -> Meera Iyer | C15: =VLOOKUP(Table8[[#This Row],[Column1]],Master_Candidates!A10:C26,3,FALSE) -> Warehouse Associate | D15: =IFERROR(VLOOKUP(Table8[[#This Row],[Column1]],Interview_Tracker!A10:F26,6,FALSE),"not interviewed") -> Selected | E15: =IFERROR(INDEX(Compliance_Documents!$G$2:$G$12,MATCH(A15,Compliance_Documents!$A$2:$A$12,0)),"Not Yet Filed") -> COMPLAINT | F15: =IFERROR(INDEX(Onboarding_Progress!$B$2:$B$9,MATCH(A15,Onboarding_Progress!$A$2:$A$9,0)),"") -> 46192 | G15: =IFERROR(VLOOKUP(Table8[[#This Row],[Column1]],Onboarding_Progress!A7:E14,4,FALSE),"not onboarded") -> Y | H15: =IF(E15="Compliance Pending","Compliance Pending", IF(AND(F15="",D15="Selected"),"Offer Extended - Awaiting Joining", IF(AND(F15<>"",G15="N"),"Induction Overdue", IF(D15="Not Yet Interviewed","Awaiting Interview","On Track")))) -> On Track
A16: C010 | B16: =VLOOKUP(Table8[[#This Row],[Column1]],Master_Candidates!A11:B27,2,FALSE) -> Rohan Kapoor | C16: =VLOOKUP(Table8[[#This Row],[Column1]],Master_Candidates!A11:C27,3,FALSE) -> Retail Apprentice | D16: =IFERROR(VLOOKUP(Table8[[#This Row],[Column1]],Interview_Tracker!A11:F27,6,FALSE),"not interviewed") -> Rejected | E16: =IFERROR(INDEX(Compliance_Documents!$G$2:$G$12,MATCH(A16,Compliance_Documents!$A$2:$A$12,0)),"Not Yet Filed") -> Not Yet Filed | F16: =IFERROR(INDEX(Onboarding_Progress!$B$2:$B$9,MATCH(A16,Onboarding_Progress!$A$2:$A$9,0)),"") | G16: =IFERROR(VLOOKUP(Table8[[#This Row],[Column1]],Onboarding_Progress!A8:E15,4,FALSE),"not onboarded") -> not onboarded | H16: =IF(E16="Compliance Pending","Compliance Pending", IF(AND(F16="",D16="Selected"),"Offer Extended - Awaiting Joining", IF(AND(F16<>"",G16="N"),"Induction Overdue", IF(D16="Not Yet Interviewed","Awaiting Interview","On Track")))) -> On Track
A17: C011 | B17: =VLOOKUP(Table8[[#This Row],[Column1]],Master_Candidates!A12:B28,2,FALSE) -> Isha Verma | C17: =VLOOKUP(Table8[[#This Row],[Column1]],Master_Candidates!A12:C28,3,FALSE) -> Store Associate | D17: =IFERROR(VLOOKUP(Table8[[#This Row],[Column1]],Interview_Tracker!A12:F28,6,FALSE),"not interviewed") -> Selected | E17: =IFERROR(INDEX(Compliance_Documents!$G$2:$G$12,MATCH(A17,Compliance_Documents!$A$2:$A$12,0)),"Not Yet Filed") -> COMPLAINT | F17: =IFERROR(INDEX(Onboarding_Progress!$B$2:$B$9,MATCH(A17,Onboarding_Progress!$A$2:$A$9,0)),"") -> 46193 | G17: =IFERROR(VLOOKUP(Table8[[#This Row],[Column1]],Onboarding_Progress!A9:E16,4,FALSE),"not onboarded") -> not onboarded | H17: =IF(E17="Compliance Pending","Compliance Pending", IF(AND(F17="",D17="Selected"),"Offer Extended - Awaiting Joining", IF(AND(F17<>"",G17="N"),"Induction Overdue", IF(D17="Not Yet Interviewed","Awaiting Interview","On Track")))) -> On Track
A18: C012 | B18: =VLOOKUP(Table8[[#This Row],[Column1]],Master_Candidates!A13:B29,2,FALSE) -> Aditya Joshi | C18: =VLOOKUP(Table8[[#This Row],[Column1]],Master_Candidates!A13:C29,3,FALSE) -> Retail Apprentice | D18: =IFERROR(VLOOKUP(Table8[[#This Row],[Column1]],Interview_Tracker!A13:F29,6,FALSE),"not interviewed") -> On Hold | E18: =IFERROR(INDEX(Compliance_Documents!$G$2:$G$12,MATCH(A18,Compliance_Documents!$A$2:$A$12,0)),"Not Yet Filed") -> Not Yet Filed | F18: =IFERROR(INDEX(Onboarding_Progress!$B$2:$B$9,MATCH(A18,Onboarding_Progress!$A$2:$A$9,0)),"") | G18: =IFERROR(VLOOKUP(Table8[[#This Row],[Column1]],Onboarding_Progress!A10:E17,4,FALSE),"not onboarded") -> not onboarded | H18: =IF(E18="Compliance Pending","Compliance Pending", IF(AND(F18="",D18="Selected"),"Offer Extended - Awaiting Joining", IF(AND(F18<>"",G18="N"),"Induction Overdue", IF(D18="Not Yet Interviewed","Awaiting Interview","On Track")))) -> On Track
A19: C013 | B19: =VLOOKUP(Table8[[#This Row],[Column1]],Master_Candidates!A14:B30,2,FALSE) -> Pooja Desai | C19: =VLOOKUP(Table8[[#This Row],[Column1]],Master_Candidates!A14:C30,3,FALSE) -> Retail Apprentice | D19: =IFERROR(VLOOKUP(Table8[[#This Row],[Column1]],Interview_Tracker!A14:F30,6,FALSE),"not interviewed") -> Selected | E19: =IFERROR(INDEX(Compliance_Documents!$G$2:$G$12,MATCH(A19,Compliance_Documents!$A$2:$A$12,0)),"Not Yet Filed") -> COMPLAINCE PENDING | F19: =IFERROR(INDEX(Onboarding_Progress!$B$2:$B$9,MATCH(A19,Onboarding_Progress!$A$2:$A$9,0)),"") | G19: =IFERROR(VLOOKUP(Table8[[#This Row],[Column1]],Onboarding_Progress!A11:E18,4,FALSE),"not onboarded") -> not onboarded | H19: =IF(E19="Compliance Pending","Compliance Pending", IF(AND(F19="",D19="Selected"),"Offer Extended - Awaiting Joining", IF(AND(F19<>"",G19="N"),"Induction Overdue", IF(D19="Not Yet Interviewed","Awaiting Interview","On Track")))) -> Offer Extended - Awaiting Joining
A20: C014 | B20: =VLOOKUP(Table8[[#This Row],[Column1]],Master_Candidates!A15:B31,2,FALSE) -> Karan Bhatia | C20: =VLOOKUP(Table8[[#This Row],[Column1]],Master_Candidates!A15:C31,3,FALSE) -> Warehouse Associate | D20: =IFERROR(VLOOKUP(Table8[[#This Row],[Column1]],Interview_Tracker!A15:F31,6,FALSE),"not interviewed") -> Selected | E20: =IFERROR(INDEX(Compliance_Documents!$G$2:$G$12,MATCH(A20,Compliance_Documents!$A$2:$A$12,0)),"Not Yet Filed") -> COMPLAINT | F20: =IFERROR(INDEX(Onboarding_Progress!$B$2:$B$9,MATCH(A20,Onboarding_Progress!$A$2:$A$9,0)),"") -> 46194 | G20: =IFERROR(VLOOKUP(Table8[[#This Row],[Column1]],Onboarding_Progress!A12:E19,4,FALSE),"not onboarded") -> not onboarded | H20: =IF(E20="Compliance Pending","Compliance Pending", IF(AND(F20="",D20="Selected"),"Offer Extended - Awaiting Joining", IF(AND(F20<>"",G20="N"),"Induction Overdue", IF(D20="Not Yet Interviewed","Awaiting Interview","On Track")))) -> On Track
... A24: C018 | B24: =VLOOKUP(Table8[[#This Row],[Column1]],Master_Candidates!A19:B35,2,FALSE) -> Dev Anand | C24: =VLOOKUP(Table8[[#This Row],[Column1]],Master_Candidates!A19:C35,3,FALSE) -> Store Associate | D24: =IFERROR(VLOOKUP(Table8[[#This Row],[Column1]],Interview_Tracker!A19:F35,6,FALSE),"not interviewed") -> Not Interviewed | E24: =IFERROR(INDEX(Compliance_Documents!$G$2:$G$12,MATCH(A24,Compliance_Documents!$A$2:$A$12,0)),"Not Yet Filed") -> Not Yet Filed | F24: =IFERROR(INDEX(Onboarding_Progress!$B$2:$B$9,MATCH(A24,Onboarding_Progress!$A$2:$A$9,0)),"") | G24: =IFERROR(VLOOKUP(Table8[[#This Row],[Column1]],Onboarding_Progress!A16:E23,4,FALSE),"not onboarded") -> not onboarded | H24: =IF(E24="Compliance Pending","Compliance Pending", IF(AND(F24="",D24="Selected"),"Offer Extended - Awaiting Joining", IF(AND(F24<>"",G24="N"),"Induction Overdue", IF(D24="Not Yet Interviewed","Awaiting Interview","On Track")))) -> On Track
